{
  "project": "aether_quant",
  "phase": "multitask_direction_magnitude_volatility_horizons",
  "version_id": "r2-multitask-f9bf43c2-ce53-4a03-bcc5-fc0b488026ec",
  "trained_at": "2026-07-11T21:46:56.215171+00:00",
  "row_counts": {
    "train": 12844,
    "validation": 5339,
    "backtest": 12010
  },
  "best_epoch": 3,
  "epochs_ran": 21,
  "loss_weights": {
    "magnitude_loss_weight": 1.0,
    "volatility_loss_weight": 1.0
  },
  "horizon_heads": {
    "direction_5d": {
      "enabled": true,
      "loss_weight": 1.0
    },
    "direction_20d": {
      "enabled": true,
      "loss_weight": 0.5
    },
    "rank_5d": {
      "enabled": true,
      "loss_weight": 1.0
    },
    "rank_20d": {
      "enabled": true,
      "loss_weight": 0.5
    }
  },
  "threshold_optimization": {
    "metric": "mcc",
    "default_threshold": 0.5,
    "selected_threshold": 0.475,
    "selected_validation_metrics": {
      "loss": 0.6589186191558838,
      "accuracy": 0.5156396328900543,
      "balanced_accuracy": 0.5168668925025118,
      "precision": 0.5084198385236448,
      "recall": 0.828883038736367,
      "specificity": 0.2048507462686567,
      "f1": 0.6302545038604518,
      "mcc": 0.04316484950660882,
      "threshold": 0.475,
      "positive_rate": 0.8119497895240784,
      "average_probability": 0.5034100413322449,
      "confusion_matrix": {
        "tp": 2204,
        "tn": 549,
        "fp": 2131,
        "fn": 455
      }
    },
    "head_thresholds": {
      "direction": 0.475,
      "direction_5d": 0.585,
      "direction_20d": 0.5
    }
  },
  "train": {
    "direction": {
      "loss": 0.6540948748588562,
      "accuracy": 0.5371379632513236,
      "balanced_accuracy": 0.5212645900514196,
      "precision": 0.5390625,
      "recall": 0.8273871206513693,
      "specificity": 0.21514205945146986,
      "f1": 0.6528061671436081,
      "mcc": 0.053833158256767585,
      "threshold": 0.475,
      "positive_rate": 0.8072251677513123,
      "average_probability": 0.49764925241470337,
      "confusion_matrix": {
        "tp": 5589,
        "tn": 1310,
        "fp": 4779,
        "fn": 1166
      }
    },
    "magnitude": {
      "mae": 0.019671857357025146,
      "rmse": 0.03624997287988663,
      "bias": -0.004050078336149454,
      "mean_prediction": -0.002146065467968583,
      "mean_target": 0.0019040122861042619
    },
    "volatility": {
      "mae": 0.027337221428751945,
      "rmse": 0.038662139326334,
      "bias": 0.0176708921790123,
      "mean_prediction": 0.040303584188222885,
      "mean_target": 0.022632690146565437
    },
    "direction_5d": {
      "loss": 0.649314284324646,
      "accuracy": 0.46409097990341175,
      "balanced_accuracy": 0.5169197425777912,
      "precision": 0.6743940990516333,
      "recall": 0.08875329357925392,
      "specificity": 0.9450861915763284,
      "f1": 0.1568627450980392,
      "mcc": 0.06417327190136886,
      "threshold": 0.585,
      "positive_rate": 0.07392117381095886,
      "average_probability": 0.5552493929862976,
      "confusion_matrix": {
        "tp": 640,
        "tn": 5318,
        "fp": 309,
        "fn": 6571
      }
    },
    "direction_20d": {
      "loss": 0.6250970363616943,
      "accuracy": 0.622397254932543,
      "balanced_accuracy": 0.5014595327757995,
      "precision": 0.6220712277413308,
      "recall": 0.9996234939759037,
      "specificity": 0.0032955715756951597,
      "f1": 0.766897746967071,
      "mcc": 0.036809803102515117,
      "threshold": 0.5,
      "positive_rate": 0.9985182881355286,
      "average_probability": 0.6055749654769897,
      "confusion_matrix": {
        "tp": 7965,
        "tn": 16,
        "fp": 4839,
        "fn": 3
      }
    },
    "rank_5d": {
      "mae": 0.2482883185148239,
      "rmse": 0.2865409553050995,
      "bias": -0.006166823208332062,
      "mean_prediction": 0.5255740284919739,
      "mean_target": 0.5317408442497253
    },
    "rank_5d_ic": {
      "mean_ic": 0.10495638661285532,
      "std_ic": 0.3305004682713506,
      "t_stat": 8.84642198881157,
      "num_dates": 776
    },
    "rank_5d_ic_non_overlapping": {
      "mean_ic": 0.12787726925840737,
      "std_ic": 0.3462540682345079,
      "t_stat": 4.612759033453683,
      "num_dates": 156
    },
    "rank_20d": {
      "mae": 0.2453172653913498,
      "rmse": 0.283961683511734,
      "bias": -0.010592659935355186,
      "mean_prediction": 0.5211820006370544,
      "mean_target": 0.531774640083313
    },
    "rank_20d_ic": {
      "mean_ic": 0.16977737140734114,
      "std_ic": 0.3118036265050867,
      "t_stat": 15.16804134798969,
      "num_dates": 776
    },
    "rank_20d_ic_non_overlapping": {
      "mean_ic": 0.18667717200608858,
      "std_ic": 0.2780903354830893,
      "t_stat": 4.192157787502792,
      "num_dates": 39
    }
  },
  "validation": {
    "direction": {
      "loss": 0.6589186191558838,
      "accuracy": 0.5156396328900543,
      "balanced_accuracy": 0.5168668925025118,
      "precision": 0.5084198385236448,
      "recall": 0.828883038736367,
      "specificity": 0.2048507462686567,
      "f1": 0.6302545038604518,
      "mcc": 0.04316484950660882,
      "threshold": 0.475,
      "positive_rate": 0.8119497895240784,
      "average_probability": 0.5034100413322449,
      "confusion_matrix": {
        "tp": 2204,
        "tn": 549,
        "fp": 2131,
        "fn": 455
      }
    },
    "magnitude": {
      "mae": 0.026410406455397606,
      "rmse": 0.04042399674654007,
      "bias": -0.0019165895646438003,
      "mean_prediction": -0.0033818723168224096,
      "mean_target": -0.001465282985009253
    },
    "volatility": {
      "mae": 0.029427893459796906,
      "rmse": 0.04505937546491623,
      "bias": 0.0019553659949451685,
      "mean_prediction": 0.041343700140714645,
      "mean_target": 0.03938833251595497
    },
    "direction_5d": {
      "loss": 0.6795833110809326,
      "accuracy": 0.5218205656489979,
      "balanced_accuracy": 0.5077239452141058,
      "precision": 0.5042016806722689,
      "recall": 0.1640625,
      "specificity": 0.8513853904282116,
      "f1": 0.2475685234305924,
      "mcc": 0.021267446157529204,
      "threshold": 0.585,
      "positive_rate": 0.15602172911167145,
      "average_probability": 0.5616909861564636,
      "confusion_matrix": {
        "tp": 420,
        "tn": 2366,
        "fp": 413,
        "fn": 2140
      }
    },
    "direction_20d": {
      "loss": 0.7491702437400818,
      "accuracy": 0.4141224948492227,
      "balanced_accuracy": 0.5,
      "precision": 0.4141224948492227,
      "recall": 1.0,
      "specificity": 0.0,
      "f1": 0.5856953642384105,
      "mcc": 0.0,
      "threshold": 0.5,
      "positive_rate": 1.0,
      "average_probability": 0.6168158054351807,
      "confusion_matrix": {
        "tp": 2211,
        "tn": 0,
        "fp": 3128,
        "fn": 0
      }
    },
    "rank_5d": {
      "mae": 0.2516469955444336,
      "rmse": 0.2912559509277344,
      "bias": 0.008873112499713898,
      "mean_prediction": 0.5351889133453369,
      "mean_target": 0.5263158082962036
    },
    "rank_5d_ic": {
      "mean_ic": -0.060765094319892535,
      "std_ic": 0.41852347929032296,
      "t_stat": -2.300229717904763,
      "num_dates": 251
    },
    "rank_5d_ic_non_overlapping": {
      "mean_ic": -0.03538569511407915,
      "std_ic": 0.3867060821431389,
      "t_stat": -0.6534792720376619,
      "num_dates": 51
    },
    "rank_20d": {
      "mae": 0.26319172978401184,
      "rmse": 0.3089858889579773,
      "bias": 0.02021305449306965,
      "mean_prediction": 0.5465288162231445,
      "mean_target": 0.5263158082962036
    },
    "rank_20d_ic": {
      "mean_ic": -0.1740686376928672,
      "std_ic": 0.48017526552325696,
      "t_stat": -5.743248475421557,
      "num_dates": 251
    },
    "rank_20d_ic_non_overlapping": {
      "mean_ic": -0.17327935397001554,
      "std_ic": 0.5456094084632804,
      "t_stat": -1.1450821522265089,
      "num_dates": 13
    }
  },