{
  "project": "aether_quant",
  "phase": "sequence_multitask_horizons_phase2",
  "version_id": "r2-sequence-4f9bff92-86ef-4bf2-bbe5-f5767703ef73",
  "trained_at": "2026-07-11T21:50:15.440511+00:00",
  "window_size": 30,
  "channels": [
    32,
    32
  ],
  "kernel_size": 3,
  "row_counts": {
    "train": 12844,
    "validation": 5339,
    "backtest": 12010
  },
  "best_epoch": 3,
  "epochs_ran": 13,
  "loss_weights": {
    "magnitude_loss_weight": 1.0,
    "volatility_loss_weight": 1.0
  },
  "horizon_heads": {
    "direction_5d": {
      "enabled": true,
      "loss_weight": 1.0
    },
    "direction_20d": {
      "enabled": true,
      "loss_weight": 0.5
    },
    "rank_5d": {
      "enabled": true,
      "loss_weight": 1.0
    },
    "rank_20d": {
      "enabled": true,
      "loss_weight": 0.5
    }
  },
  "threshold_optimization": {
    "metric": "mcc",
    "default_threshold": 0.5,
    "selected_threshold": 0.475,
    "selected_validation_metrics": {
      "loss": 0.65875244140625,
      "accuracy": 0.5070237872260723,
      "balanced_accuracy": 0.5088078786211852,
      "precision": 0.502651738361815,
      "recall": 0.9623918766453554,
      "specificity": 0.05522388059701493,
      "f1": 0.6603870967741936,
      "mcc": 0.041850484825466,
      "threshold": 0.475,
      "positive_rate": 0.953549325466156,
      "average_probability": 0.49800732731819153,
      "confusion_matrix": {
        "tp": 2559,
        "tn": 148,
        "fp": 2532,
        "fn": 100
      }
    },
    "head_thresholds": {
      "direction": 0.475,
      "direction_5d": 0.53,
      "direction_20d": 0.49
    }
  },
  "train": {
    "direction": {
      "loss": 0.6555087566375732,
      "accuracy": 0.5353472438492681,
      "balanced_accuracy": 0.5124295318917916,
      "precision": 0.532501858429008,
      "recall": 0.9544041450777202,
      "specificity": 0.07045491870586303,
      "f1": 0.6835966493478953,
      "mcc": 0.05337260708305309,
      "threshold": 0.475,
      "positive_rate": 0.9426191449165344,
      "average_probability": 0.49562811851501465,
      "confusion_matrix": {
        "tp": 6447,
        "tn": 429,
        "fp": 5660,
        "fn": 308
      }
    },
    "magnitude": {
      "mae": 0.016365328803658485,
      "rmse": 0.034489795565605164,
      "bias": 0.0030854579526931047,
      "mean_prediction": 0.004989470820873976,
      "mean_target": 0.0019040122861042619
    },
    "volatility": {
      "mae": 0.030158808454871178,
      "rmse": 0.04354098066687584,
      "bias": 0.020818574354052544,
      "mean_prediction": 0.04345126822590828,
      "mean_target": 0.022632690146565437
    },
    "direction_5d": {
      "loss": 0.6448652148246765,
      "accuracy": 0.5569403333852625,
      "balanced_accuracy": 0.5476122426844421,
      "precision": 0.6020093770931011,
      "recall": 0.6232145333518236,
      "specificity": 0.4720099520170606,
      "f1": 0.6124284546197875,
      "mcc": 0.09577706255766459,
      "threshold": 0.53,
      "positive_rate": 0.5814768671989441,
      "average_probability": 0.5361768007278442,
      "confusion_matrix": {
        "tp": 4494,
        "tn": 2656,
        "fp": 2971,
        "fn": 2717
      }
    },
    "direction_20d": {
      "loss": 0.6194978356361389,
      "accuracy": 0.6216953910941277,
      "balanced_accuracy": 0.5004924176624107,
      "precision": 0.621615294576668,
      "recall": 0.9997489959839357,
      "specificity": 0.0012358393408856848,
      "f1": 0.7665880767935331,
      "mcc": 0.019130600339326086,
      "threshold": 0.49,
      "positive_rate": 0.999376118183136,
      "average_probability": 0.6206477880477905,
      "confusion_matrix": {
        "tp": 7966,
        "tn": 6,
        "fp": 4849,
        "fn": 2
      }
    },
    "rank_5d": {
      "mae": 0.2449021190404892,
      "rmse": 0.28550565242767334,
      "bias": -0.03225133568048477,
      "mean_prediction": 0.49948951601982117,
      "mean_target": 0.5317408442497253
    },
    "rank_5d_ic": {
      "mean_ic": 0.14577292093982855,
      "std_ic": 0.3647841842305956,
      "t_stat": 11.131962025336627,
      "num_dates": 776
    },
    "rank_5d_ic_non_overlapping": {
      "mean_ic": 0.16513306601894046,
      "std_ic": 0.3696640594166312,
      "t_stat": 5.579420776718751,
      "num_dates": 156
    },
    "rank_20d": {
      "mae": 0.24335181713104248,
      "rmse": 0.2824608087539673,
      "bias": -0.0025306763127446175,
      "mean_prediction": 0.5292439460754395,
      "mean_target": 0.531774640083313
    },
    "rank_20d_ic": {
      "mean_ic": 0.20172856971155353,
      "std_ic": 0.3360628319110531,
      "t_stat": 16.721598336630034,
      "num_dates": 776
    },
    "rank_20d_ic_non_overlapping": {
      "mean_ic": 0.20980401722361255,
      "std_ic": 0.29415567088313366,
      "t_stat": 4.4541914275654015,
      "num_dates": 39
    }
  },
  "validation": {
    "direction": {
      "loss": 0.65875244140625,
      "accuracy": 0.5070237872260723,
      "balanced_accuracy": 0.5088078786211852,
      "precision": 0.502651738361815,
      "recall": 0.9623918766453554,
      "specificity": 0.05522388059701493,
      "f1": 0.6603870967741936,
      "mcc": 0.041850484825466,
      "threshold": 0.475,
      "positive_rate": 0.953549325466156,
      "average_probability": 0.49800732731819153,
      "confusion_matrix": {
        "tp": 2559,
        "tn": 148,
        "fp": 2532,
        "fn": 100
      }
    },
    "magnitude": {
      "mae": 0.025556765496730804,
      "rmse": 0.040935590863227844,
      "bias": 0.0009223883971571922,
      "mean_prediction": -0.0005428945296443999,
      "mean_target": -0.001465282985009253
    },
    "volatility": {
      "mae": 0.03635173290967941,
      "rmse": 0.054269034415483475,
      "bias": -0.004986577667295933,
      "mean_prediction": 0.03440175577998161,
      "mean_target": 0.03938833251595497
    },
    "direction_5d": {
      "loss": 0.6840364933013916,
      "accuracy": 0.5064618842479865,
      "balanced_accuracy": 0.5145649429875855,
      "precision": 0.4899220639613007,
      "recall": 0.712109375,
      "specificity": 0.3170205109751709,
      "f1": 0.5804808151568223,
      "mcc": 0.03166532479834877,
      "threshold": 0.53,
      "positive_rate": 0.6969469785690308,
      "average_probability": 0.5574188232421875,
      "confusion_matrix": {
        "tp": 1823,
        "tn": 881,
        "fp": 1898,
        "fn": 737
      }
    },
    "direction_20d": {
      "loss": 0.7985098361968994,
      "accuracy": 0.41430979584191796,
      "balanced_accuracy": 0.5001598465473146,
      "precision": 0.4142000749344324,
      "recall": 1.0,
      "specificity": 0.00031969309462915604,
      "f1": 0.5857729500596106,
      "mcc": 0.011507254396745428,
      "threshold": 0.49,
      "positive_rate": 0.9998127222061157,
      "average_probability": 0.6508193612098694,
      "confusion_matrix": {
        "tp": 2211,
        "tn": 1,
        "fp": 3127,
        "fn": 0
      }
    },
    "rank_5d": {
      "mae": 0.26181766390800476,
      "rmse": 0.31482282280921936,
      "bias": 0.022150639444589615,
      "mean_prediction": 0.5484664440155029,
      "mean_target": 0.5263158082962036
    },
    "rank_5d_ic": {
      "mean_ic": -0.07202068992915038,
      "std_ic": 0.4495840056551113,
      "t_stat": -2.5379513084311407,
      "num_dates": 251
    },
    "rank_5d_ic_non_overlapping": {
      "mean_ic": -0.047334022367083235,
      "std_ic": 0.40343729147962837,
      "t_stat": -0.8378812274141008,
      "num_dates": 51
    },
    "rank_20d": {
      "mae": 0.2752935588359833,
      "rmse": 0.3421728014945984,
      "bias": 0.06731640547513962,
      "mean_prediction": 0.5936322808265686,
      "mean_target": 0.5263158082962036
    },
    "rank_20d_ic": {
      "mean_ic": -0.1345075828372474,
      "std_ic": 0.4770124477570564,
      "t_stat": -4.4673905049927525,
      "num_dates": 251
    },
    "rank_20d_ic_non_overlapping": {
      "mean_ic": -0.012415653358653937,